image_url,response1
https://nets213hw.s3.us-east-2.amazonaws.com/photos/pexels-adrianna-calvo-564905.jpg,Several buildings are painted with a fisherman catching a fish murals.
https://nets213hw.s3.us-east-2.amazonaws.com/photos/pexels-amina-filkins-5409662.jpg,A woman is smiling looking out the door.
https://nets213hw.s3.us-east-2.amazonaws.com/photos/pexels-anna-shvets-4588065.jpg,A white bunny wearing yellow-lens sunglasses.
https://nets213hw.s3.us-east-2.amazonaws.com/photos/pexels-badr-khechchab-4233098.jpg,"A male wearing a white cap, skateboarding on the side wall in the skate park."
https://nets213hw.s3.us-east-2.amazonaws.com/photos/pexels-bia-sousa-4493795.jpg,There is a girl in a red shirt wearing red tinted glasses.  She is standing in front of a red building and is surrounded by red floating Uno cards.
https://nets213hw.s3.us-east-2.amazonaws.com/photos/pexels-clive-kim-4220967.jpg,A volcano spewing lava into the air at night.
https://nets213hw.s3.us-east-2.amazonaws.com/photos/pexels-cottonbro-4769486.jpg,A female sitting in a chair tilting her head back has a book covering her face.
https://nets213hw.s3.us-east-2.amazonaws.com/photos/pexels-edu-carvalho-2050975.jpg,An elderly woman is standing in a park laughing while holding a basket of red flowers and a brown sun hat..
https://nets213hw.s3.us-east-2.amazonaws.com/photos/pexels-eric-christian-capilador-6008360.jpg,A lady wearing sunglasses is looking down at the camera with her hand pointed towards the camera.
https://nets213hw.s3.us-east-2.amazonaws.com/photos/pexels-eugene-dorosh-739407.jpg,The eiffel tower is pictured with the city in the background.
https://nets213hw.s3.us-east-2.amazonaws.com/photos/pexels-evgeny-tchebotarev-4101555.jpg,A rainbow over mountains at dusk.
https://nets213hw.s3.us-east-2.amazonaws.com/photos/pexels-fauxels-3182749.jpg,A girl is standing at a table reading off of a card at the meeting as people watch and listen.
https://nets213hw.s3.us-east-2.amazonaws.com/photos/pexels-godisable-jacob-1394882.jpg,A woman is laughing with her hand over her mouth.
https://nets213hw.s3.us-east-2.amazonaws.com/photos/pexels-guillaume-meurice-2815028.jpg,It is a view looking up threw sky scrapers.
https://nets213hw.s3.us-east-2.amazonaws.com/photos/pexels-julia-khalimova-3649190.jpg,There is gondolier paddling his gondola filled with passengers under an arched pedestrian bridge.  People are crossing the bridge enjoying the day.