"HITId","HITTypeId","Title","Description","Keywords","Reward","CreationTime","MaxAssignments","RequesterAnnotation","AssignmentDurationInSeconds","AutoApprovalDelayInSeconds","Expiration","NumberOfSimilarHITs","LifetimeInSeconds","AssignmentId","WorkerId","AssignmentStatus","AcceptTime","SubmitTime","AutoApprovalTime","ApprovalTime","RejectionTime","RequesterFeedback","WorkTimeInSeconds","LifetimeApprovalRate","Last30DaysApprovalRate","Last7DaysApprovalRate","Input.image_url","Input.desc1","Input.desc2","Answer.first.first","Answer.second.second","Approve","Reject"
"3XT3KXP24ZZB5U39GZGG4MCRBQ9I63","3BHRGUFAI8Y95GOPOVSDE43GHC0CS7","Select the better descriptor","Given 2 descriptions of a photo, select the most accurate one.","survey, photo, photography, easy, image, images,,pick,descriptions,simple,select,fast,description,descriptor","$0.02","Thu Apr 01 11:07:53 PDT 2021","5","BatchId:4390905;OriginalHitTemplateId:928390912;","1800","3600","Fri Apr 02 11:07:53 PDT 2021","","","336KAV9KYQTC0DX7NIVHOHKQSGC2YT","A13GUTDMGGZZDL","Approved","Thu Apr 01 11:10:24 PDT 2021","Thu Apr 01 11:13:30 PDT 2021","Thu Apr 01 12:13:30 PDT 2021","Thu Apr 01 12:05:02 PDT 2021","","","186","100% (14/14)","100% (14/14)","100% (14/14)","https://nets213hw.s3.us-east-2.amazonaws.com/photos/pexels-adrianna-calvo-564905.jpg","Several buildings are painted with a fisherman catching a fish murals.","Picture of a fisherman catching a giant fish with buildings in the background.","true","false"
"3XT3KXP24ZZB5U39GZGG4MCRBQ9I63","3BHRGUFAI8Y95GOPOVSDE43GHC0CS7","Select the better descriptor","Given 2 descriptions of a photo, select the most accurate one.","survey, photo, photography, easy, image, images,,pick,descriptions,simple,select,fast,description,descriptor","$0.02","Thu Apr 01 11:07:53 PDT 2021","5","BatchId:4390905;OriginalHitTemplateId:928390912;","1800","3600","Fri Apr 02 11:07:53 PDT 2021","","","35DR22AR5DLCLQ3GMMNKODI9WOHX3S","A8TLS2F8LFQ68","Approved","Thu Apr 01 11:08:53 PDT 2021","Thu Apr 01 11:09:21 PDT 2021","Thu Apr 01 12:09:21 PDT 2021","Thu Apr 01 12:05:02 PDT 2021","","","28","100% (7/7)","100% (7/7)","100% (7/7)","https://nets213hw.s3.us-east-2.amazonaws.com/photos/pexels-adrianna-calvo-564905.jpg","Several buildings are painted with a fisherman catching a fish murals.","Picture of a fisherman catching a giant fish with buildings in the background.","true","false"
"3XT3KXP24ZZB5U39GZGG4MCRBQ9I63","3BHRGUFAI8Y95GOPOVSDE43GHC0CS7","Select the better descriptor","Given 2 descriptions of a photo, select the most accurate one.","survey, photo, photography, easy, image, images,,pick,descriptions,simple,select,fast,description,descriptor","$0.02","Thu Apr 01 11:07:53 PDT 2021","5","BatchId:4390905;OriginalHitTemplateId:928390912;","1800","3600","Fri Apr 02 11:07:53 PDT 2021","","","3AMW0RGHOD3EGLUZIEXI3EUCZ6ZNPA","A2HRUFTA09371Y","Approved","Thu Apr 01 11:09:16 PDT 2021","Thu Apr 01 11:12:42 PDT 2021","Thu Apr 01 12:12:42 PDT 2021","Thu Apr 01 12:05:03 PDT 2021","","","206","100% (15/15)","100% (15/15)","100% (15/15)","https://nets213hw.s3.us-east-2.amazonaws.com/photos/pexels-adrianna-calvo-564905.jpg","Several buildings are painted with a fisherman catching a fish murals.","Picture of a fisherman catching a giant fish with buildings in the background.","true","false"
"3XT3KXP24ZZB5U39GZGG4MCRBQ9I63","3BHRGUFAI8Y95GOPOVSDE43GHC0CS7","Select the better descriptor","Given 2 descriptions of a photo, select the most accurate one.","survey, photo, photography, easy, image, images,,pick,descriptions,simple,select,fast,description,descriptor","$0.02","Thu Apr 01 11:07:53 PDT 2021","5","BatchId:4390905;OriginalHitTemplateId:928390912;","1800","3600","Fri Apr 02 11:07:53 PDT 2021","","","3IAS3U3I0FHGN54WDQHXG6MP77XB2Q","A3EO5H2EI4G4TC","Approved","Thu Apr 01 11:39:05 PDT 2021","Thu Apr 01 11:56:04 PDT 2021","Thu Apr 01 12:56:04 PDT 2021","Thu Apr 01 12:05:03 PDT 2021","","","1019","100% (3/3)","100% (3/3)","100% (3/3)","https://nets213hw.s3.us-east-2.amazonaws.com/photos/pexels-adrianna-calvo-564905.jpg","Several buildings are painted with a fisherman catching a fish murals.","Picture of a fisherman catching a giant fish with buildings in the background.","true","false"
"3XT3KXP24ZZB5U39GZGG4MCRBQ9I63","3BHRGUFAI8Y95GOPOVSDE43GHC0CS7","Select the better descriptor","Given 2 descriptions of a photo, select the most accurate one.","survey, photo, photography, easy, image, images,,pick,descriptions,simple,select,fast,description,descriptor","$0.02","Thu Apr 01 11:07:53 PDT 2021","5","BatchId:4390905;OriginalHitTemplateId:928390912;","1800","3600","Fri Apr 02 11:07:53 PDT 2021","","","3VBEN272MK05JLT5NROH8ZQQLEKSGN","A24DSECWUBZC0Z","Approved","Thu Apr 01 11:09:11 PDT 2021","Thu Apr 01 11:09:31 PDT 2021","Thu Apr 01 12:09:31 PDT 2021","Thu Apr 01 12:05:03 PDT 2021","","","20","100% (5/5)","100% (5/5)","100% (5/5)","https://nets213hw.s3.us-east-2.amazonaws.com/photos/pexels-adrianna-calvo-564905.jpg","Several buildings are painted with a fisherman catching a fish murals.","Picture of a fisherman catching a giant fish with buildings in the background.","true","false"
"3YD0MU1NC22F3CYGNLTVT2O4TTO7AN","3BHRGUFAI8Y95GOPOVSDE43GHC0CS7","Select the better descriptor","Given 2 descriptions of a photo, select the most accurate one.","survey, photo, photography, easy, image, images,,pick,descriptions,simple,select,fast,description,descriptor","$0.02","Thu Apr 01 11:07:53 PDT 2021","5","BatchId:4390905;OriginalHitTemplateId:928390912;","1800","3600","Fri Apr 02 11:07:53 PDT 2021","","","39L1G8WVWQS4VPINFT2DT4E8R93317","A10042UW3Q59GF","Approved","Thu Apr 01 11:10:33 PDT 2021","Thu Apr 01 11:11:23 PDT 2021","Thu Apr 01 12:11:23 PDT 2021","Thu Apr 01 12:05:04 PDT 2021","","","50","100% (3/3)","100% (3/3)","100% (3/3)","https://nets213hw.s3.us-east-2.amazonaws.com/photos/pexels-amina-filkins-5409662.jpg","A woman is smiling looking out the door.","A girl is holding open a door smiling.","true","false"
"3YD0MU1NC22F3CYGNLTVT2O4TTO7AN","3BHRGUFAI8Y95GOPOVSDE43GHC0CS7","Select the better descriptor","Given 2 descriptions of a photo, select the most accurate one.","survey, photo, photography, easy, image, images,,pick,descriptions,simple,select,fast,description,descriptor","$0.02","Thu Apr 01 11:07:53 PDT 2021","5","BatchId:4390905;OriginalHitTemplateId:928390912;","1800","3600","Fri Apr 02 11:07:53 PDT 2021","","","3IFS6Q0HJIKJFCZ0DFOKTB360RCSIF","A3VOYK4UGI5BJF","Approved","Thu Apr 01 11:09:41 PDT 2021","Thu Apr 01 11:09:56 PDT 2021","Thu Apr 01 12:09:56 PDT 2021","Thu Apr 01 12:05:04 PDT 2021","","","15","100% (1/1)","100% (1/1)","100% (1/1)","https://nets213hw.s3.us-east-2.amazonaws.com/photos/pexels-amina-filkins-5409662.jpg","A woman is smiling looking out the door.","A girl is holding open a door smiling.","true","false"
"3YD0MU1NC22F3CYGNLTVT2O4TTO7AN","3BHRGUFAI8Y95GOPOVSDE43GHC0CS7","Select the better descriptor","Given 2 descriptions of a photo, select the most accurate one.","survey, photo, photography, easy, image, images,,pick,descriptions,simple,select,fast,description,descriptor","$0.02","Thu Apr 01 11:07:53 PDT 2021","5","BatchId:4390905;OriginalHitTemplateId:928390912;","1800","3600","Fri Apr 02 11:07:53 PDT 2021","","","3PH3VY7DJLYYHJ5JXOM7QV9H2HAZWY","A8MF3Y278EWK2","Approved","Thu Apr 01 11:09:38 PDT 2021","Thu Apr 01 11:09:55 PDT 2021","Thu Apr 01 12:09:55 PDT 2021","Thu Apr 01 12:05:04 PDT 2021","","","17","100% (12/12)","100% (12/12)","100% (12/12)","https://nets213hw.s3.us-east-2.amazonaws.com/photos/pexels-amina-filkins-5409662.jpg","A woman is smiling looking out the door.","A girl is holding open a door smiling.","true","false"
"3YD0MU1NC22F3CYGNLTVT2O4TTO7AN","3BHRGUFAI8Y95GOPOVSDE43GHC0CS7","Select the better descriptor","Given 2 descriptions of a photo, select the most accurate one.","survey, photo, photography, easy, image, images,,pick,descriptions,simple,select,fast,description,descriptor","$0.02","Thu Apr 01 11:07:53 PDT 2021","5","BatchId:4390905;OriginalHitTemplateId:928390912;","1800","3600","Fri Apr 02 11:07:53 PDT 2021","","","3Q8GYXHFEP3RW7FP99FQPXVJ92L5CP","A13GUTDMGGZZDL","Approved","Thu Apr 01 11:10:43 PDT 2021","Thu Apr 01 11:17:23 PDT 2021","Thu Apr 01 12:17:23 PDT 2021","Thu Apr 01 12:05:04 PDT 2021","","","400","100% (14/14)","100% (14/14)","100% (14/14)","https://nets213hw.s3.us-east-2.amazonaws.com/photos/pexels-amina-filkins-5409662.jpg","A woman is smiling looking out the door.","A girl is holding open a door smiling.","false","true"
"3YD0MU1NC22F3CYGNLTVT2O4TTO7AN","3BHRGUFAI8Y95GOPOVSDE43GHC0CS7","Select the better descriptor","Given 2 descriptions of a photo, select the most accurate one.","survey, photo, photography, easy, image, images,,pick,descriptions,simple,select,fast,description,descriptor","$0.02","Thu Apr 01 11:07:53 PDT 2021","5","BatchId:4390905;OriginalHitTemplateId:928390912;","1800","3600","Fri Apr 02 11:07:53 PDT 2021","","","3STRJBFXOWSB07232IEMGWE5UEFKT7","A2HRUFTA09371Y","Approved","Thu Apr 01 11:09:13 PDT 2021","Thu Apr 01 11:12:34 PDT 2021","Thu Apr 01 12:12:34 PDT 2021","Thu Apr 01 12:05:05 PDT 2021","","","201","100% (15/15)","100% (15/15)","100% (15/15)","https://nets213hw.s3.us-east-2.amazonaws.com/photos/pexels-amina-filkins-5409662.jpg","A woman is smiling looking out the door.","A girl is holding open a door smiling.","true","false"
"3XU9MCX6VOD0GSNRJKYMS1W6IHQR2Z","3BHRGUFAI8Y95GOPOVSDE43GHC0CS7","Select the better descriptor","Given 2 descriptions of a photo, select the most accurate one.","survey, photo, photography, easy, image, images,,pick,descriptions,simple,select,fast,description,descriptor","$0.02","Thu Apr 01 11:07:53 PDT 2021","5","BatchId:4390905;OriginalHitTemplateId:928390912;","1800","3600","Fri Apr 02 11:07:53 PDT 2021","","","33IZTU6J812G57OVC1OLWLQLO4GSXF","AABIX1L6Q3X0","Approved","Thu Apr 01 11:09:43 PDT 2021","Thu Apr 01 11:10:39 PDT 2021","Thu Apr 01 12:10:39 PDT 2021","Thu Apr 01 12:05:03 PDT 2021","","","56","100% (4/4)","100% (4/4)","100% (4/4)","https://nets213hw.s3.us-east-2.amazonaws.com/photos/pexels-anna-shvets-4588065.jpg","A white bunny wearing yellow-lens sunglasses.","A white bunny wearing yellow-lens sunglasses.","true","false"
"3XU9MCX6VOD0GSNRJKYMS1W6IHQR2Z","3BHRGUFAI8Y95GOPOVSDE43GHC0CS7","Select the better descriptor","Given 2 descriptions of a photo, select the most accurate one.","survey, photo, photography, easy, image, images,,pick,descriptions,simple,select,fast,description,descriptor","$0.02","Thu Apr 01 11:07:53 PDT 2021","5","BatchId:4390905;OriginalHitTemplateId:928390912;","1800","3600","Fri Apr 02 11:07:53 PDT 2021","","","3A1COHJ8NJW10X97TZ0UC82QOKR8H3","A1F2KH08DX3M4W","Approved","Thu Apr 01 11:11:11 PDT 2021","Thu Apr 01 11:11:24 PDT 2021","Thu Apr 01 12:11:24 PDT 2021","Thu Apr 01 12:05:03 PDT 2021","","","13","100% (6/6)","100% (6/6)","100% (6/6)","https://nets213hw.s3.us-east-2.amazonaws.com/photos/pexels-anna-shvets-4588065.jpg","A white bunny wearing yellow-lens sunglasses.","A white bunny wearing yellow-lens sunglasses.","true","false"
"3XU9MCX6VOD0GSNRJKYMS1W6IHQR2Z","3BHRGUFAI8Y95GOPOVSDE43GHC0CS7","Select the better descriptor","Given 2 descriptions of a photo, select the most accurate one.","survey, photo, photography, easy, image, images,,pick,descriptions,simple,select,fast,description,descriptor","$0.02","Thu Apr 01 11:07:53 PDT 2021","5","BatchId:4390905;OriginalHitTemplateId:928390912;","1800","3600","Fri Apr 02 11:07:53 PDT 2021","","","3A4NIXBJ760I7IU1ELPB9IWSP6OLMA","A13GUTDMGGZZDL","Approved","Thu Apr 01 11:10:26 PDT 2021","Thu Apr 01 11:14:23 PDT 2021","Thu Apr 01 12:14:23 PDT 2021","Thu Apr 01 12:05:03 PDT 2021","","","237","100% (14/14)","100% (14/14)","100% (14/14)","https://nets213hw.s3.us-east-2.amazonaws.com/photos/pexels-anna-shvets-4588065.jpg","A white bunny wearing yellow-lens sunglasses.","A white bunny wearing yellow-lens sunglasses.","true","false"
"3XU9MCX6VOD0GSNRJKYMS1W6IHQR2Z","3BHRGUFAI8Y95GOPOVSDE43GHC0CS7","Select the better descriptor","Given 2 descriptions of a photo, select the most accurate one.","survey, photo, photography, easy, image, images,,pick,descriptions,simple,select,fast,description,descriptor","$0.02","Thu Apr 01 11:07:53 PDT 2021","5","BatchId:4390905;OriginalHitTemplateId:928390912;","1800","3600","Fri Apr 02 11:07:53 PDT 2021","","","3E4GGUZ1T8SHG88QJ3UQF95FU132KY","A8MF3Y278EWK2","Approved","Thu Apr 01 11:09:55 PDT 2021","Thu Apr 01 11:10:03 PDT 2021","Thu Apr 01 12:10:03 PDT 2021","Thu Apr 01 12:05:04 PDT 2021","","","8","100% (12/12)","100% (12/12)","100% (12/12)","https://nets213hw.s3.us-east-2.amazonaws.com/photos/pexels-anna-shvets-4588065.jpg","A white bunny wearing yellow-lens sunglasses.","A white bunny wearing yellow-lens sunglasses.","true","false"
"3XU9MCX6VOD0GSNRJKYMS1W6IHQR2Z","3BHRGUFAI8Y95GOPOVSDE43GHC0CS7","Select the better descriptor","Given 2 descriptions of a photo, select the most accurate one.","survey, photo, photography, easy, image, images,,pick,descriptions,simple,select,fast,description,descriptor","$0.02","Thu Apr 01 11:07:53 PDT 2021","5","BatchId:4390905;OriginalHitTemplateId:928390912;","1800","3600","Fri Apr 02 11:07:53 PDT 2021","","","3VELCLL3GKKZB1YGZO3FUD35UZ7F1R","A2HRUFTA09371Y","Approved","Thu Apr 01 11:08:45 PDT 2021","Thu Apr 01 11:09:30 PDT 2021","Thu Apr 01 12:09:30 PDT 2021","Thu Apr 01 12:05:04 PDT 2021","","","45","100% (15/15)","100% (15/15)","100% (15/15)","https://nets213hw.s3.us-east-2.amazonaws.com/photos/pexels-anna-shvets-4588065.jpg","A white bunny wearing yellow-lens sunglasses.","A white bunny wearing yellow-lens sunglasses.","true","false"
"3YKP7CX6G2GKMM38TZTROD8ABB97BI","3BHRGUFAI8Y95GOPOVSDE43GHC0CS7","Select the better descriptor","Given 2 descriptions of a photo, select the most accurate one.","survey, photo, photography, easy, image, images,,pick,descriptions,simple,select,fast,description,descriptor","$0.02","Thu Apr 01 11:07:53 PDT 2021","5","BatchId:4390905;OriginalHitTemplateId:928390912;","1800","3600","Fri Apr 02 11:07:53 PDT 2021","","","3EG49X351UDBI9QY5OLIVGUT6FJX6Y","A2HRUFTA09371Y","Approved","Thu Apr 01 11:08:57 PDT 2021","Thu Apr 01 11:09:56 PDT 2021","Thu Apr 01 12:09:56 PDT 2021","Thu Apr 01 12:05:05 PDT 2021","","","59","100% (15/15)","100% (15/15)","100% (15/15)","https://nets213hw.s3.us-east-2.amazonaws.com/photos/pexels-badr-khechchab-4233098.jpg","A male wearing a white cap, skateboarding on the side wall in the skate park.","A male wearing a white cap, skateboarding on the side wall in the skate park.","true","false"
"3YKP7CX6G2GKMM38TZTROD8ABB97BI","3BHRGUFAI8Y95GOPOVSDE43GHC0CS7","Select the better descriptor","Given 2 descriptions of a photo, select the most accurate one.","survey, photo, photography, easy, image, images,,pick,descriptions,simple,select,fast,description,descriptor","$0.02","Thu Apr 01 11:07:53 PDT 2021","5","BatchId:4390905;OriginalHitTemplateId:928390912;","1800","3600","Fri Apr 02 11:07:53 PDT 2021","","","3I0BTBYZAXM543UT8VR35TRBVIRY04","A24DSECWUBZC0Z","Approved","Thu Apr 01 11:10:25 PDT 2021","Thu Apr 01 11:10:56 PDT 2021","Thu Apr 01 12:10:56 PDT 2021","Thu Apr 01 12:05:05 PDT 2021","","","31","100% (5/5)","100% (5/5)","100% (5/5)","https://nets213hw.s3.us-east-2.amazonaws.com/photos/pexels-badr-khechchab-4233098.jpg","A male wearing a white cap, skateboarding on the side wall in the skate park.","A male wearing a white cap, skateboarding on the side wall in the skate park.","false","true"
"3YKP7CX6G2GKMM38TZTROD8ABB97BI","3BHRGUFAI8Y95GOPOVSDE43GHC0CS7","Select the better descriptor","Given 2 descriptions of a photo, select the most accurate one.","survey, photo, photography, easy, image, images,,pick,descriptions,simple,select,fast,description,descriptor","$0.02","Thu Apr 01 11:07:53 PDT 2021","5","BatchId:4390905;OriginalHitTemplateId:928390912;","1800","3600","Fri Apr 02 11:07:53 PDT 2021","","","3K2755HG5S4T3WESFHNAVF4EJWAFDH","A8TLS2F8LFQ68","Approved","Thu Apr 01 11:09:28 PDT 2021","Thu Apr 01 11:10:09 PDT 2021","Thu Apr 01 12:10:09 PDT 2021","Thu Apr 01 12:05:05 PDT 2021","","","41","100% (7/7)","100% (7/7)","100% (7/7)","https://nets213hw.s3.us-east-2.amazonaws.com/photos/pexels-badr-khechchab-4233098.jpg","A male wearing a white cap, skateboarding on the side wall in the skate park.","A male wearing a white cap, skateboarding on the side wall in the skate park.","true","false"
"3YKP7CX6G2GKMM38TZTROD8ABB97BI","3BHRGUFAI8Y95GOPOVSDE43GHC0CS7","Select the better descriptor","Given 2 descriptions of a photo, select the most accurate one.","survey, photo, photography, easy, image, images,,pick,descriptions,simple,select,fast,description,descriptor","$0.02","Thu Apr 01 11:07:53 PDT 2021","5","BatchId:4390905;OriginalHitTemplateId:928390912;","1800","3600","Fri Apr 02 11:07:53 PDT 2021","","","3PJUZCGDJ6H8LRROVNC2ZR4257J89D","A13GUTDMGGZZDL","Approved","Thu Apr 01 11:10:59 PDT 2021","Thu Apr 01 11:19:02 PDT 2021","Thu Apr 01 12:19:02 PDT 2021","Thu Apr 01 12:05:05 PDT 2021","","","483","100% (14/14)","100% (14/14)","100% (14/14)","https://nets213hw.s3.us-east-2.amazonaws.com/photos/pexels-badr-khechchab-4233098.jpg","A male wearing a white cap, skateboarding on the side wall in the skate park.","A male wearing a white cap, skateboarding on the side wall in the skate park.","true","false"
"3YKP7CX6G2GKMM38TZTROD8ABB97BI","3BHRGUFAI8Y95GOPOVSDE43GHC0CS7","Select the better descriptor","Given 2 descriptions of a photo, select the most accurate one.","survey, photo, photography, easy, image, images,,pick,descriptions,simple,select,fast,description,descriptor","$0.02","Thu Apr 01 11:07:53 PDT 2021","5","BatchId:4390905;OriginalHitTemplateId:928390912;","1800","3600","Fri Apr 02 11:07:53 PDT 2021","","","3T3IWE1XG6OXBA0YFNYJCIQETK7QT5","A8MF3Y278EWK2","Approved","Thu Apr 01 11:10:16 PDT 2021","Thu Apr 01 11:10:24 PDT 2021","Thu Apr 01 12:10:24 PDT 2021","Thu Apr 01 12:05:05 PDT 2021","","","8","100% (12/12)","100% (12/12)","100% (12/12)","https://nets213hw.s3.us-east-2.amazonaws.com/photos/pexels-badr-khechchab-4233098.jpg","A male wearing a white cap, skateboarding on the side wall in the skate park.","A male wearing a white cap, skateboarding on the side wall in the skate park.","true","false"
"3I7KR83SNAEPT8VVE9441CI6TV6K9R","3BHRGUFAI8Y95GOPOVSDE43GHC0CS7","Select the better descriptor","Given 2 descriptions of a photo, select the most accurate one.","survey, photo, photography, easy, image, images,,pick,descriptions,simple,select,fast,description,descriptor","$0.02","Thu Apr 01 11:07:53 PDT 2021","5","BatchId:4390905;OriginalHitTemplateId:928390912;","1800","3600","Fri Apr 02 11:07:53 PDT 2021","","","32XVDSJFPZYC6W8T4F76UMXJJ6Y2M3","A8MF3Y278EWK2","Approved","Thu Apr 01 11:10:04 PDT 2021","Thu Apr 01 11:10:15 PDT 2021","Thu Apr 01 12:10:15 PDT 2021","Thu Apr 01 12:04:57 PDT 2021","","","11","100% (12/12)","100% (12/12)","100% (12/12)","https://nets213hw.s3.us-east-2.amazonaws.com/photos/pexels-bia-sousa-4493795.jpg","There is a girl in a red shirt wearing red tinted glasses.  She is standing in front of a red building and is surrounded by red floating Uno cards.","A girl is throwing red uno cards towards the camera.","true","false"
"3I7KR83SNAEPT8VVE9441CI6TV6K9R","3BHRGUFAI8Y95GOPOVSDE43GHC0CS7","Select the better descriptor","Given 2 descriptions of a photo, select the most accurate one.","survey, photo, photography, easy, image, images,,pick,descriptions,simple,select,fast,description,descriptor","$0.02","Thu Apr 01 11:07:53 PDT 2021","5","BatchId:4390905;OriginalHitTemplateId:928390912;","1800","3600","Fri Apr 02 11:07:53 PDT 2021","","","36AHBNMV1RDZ3NVNK7FYK0BUP70YDX","A8TLS2F8LFQ68","Approved","Thu Apr 01 11:11:10 PDT 2021","Thu Apr 01 11:11:25 PDT 2021","Thu Apr 01 12:11:25 PDT 2021","Thu Apr 01 12:04:57 PDT 2021","","","15","100% (7/7)","100% (7/7)","100% (7/7)","https://nets213hw.s3.us-east-2.amazonaws.com/photos/pexels-bia-sousa-4493795.jpg","There is a girl in a red shirt wearing red tinted glasses.  She is standing in front of a red building and is surrounded by red floating Uno cards.","A girl is throwing red uno cards towards the camera.","true","false"
"3I7KR83SNAEPT8VVE9441CI6TV6K9R","3BHRGUFAI8Y95GOPOVSDE43GHC0CS7","Select the better descriptor","Given 2 descriptions of a photo, select the most accurate one.","survey, photo, photography, easy, image, images,,pick,descriptions,simple,select,fast,description,descriptor","$0.02","Thu Apr 01 11:07:53 PDT 2021","5","BatchId:4390905;OriginalHitTemplateId:928390912;","1800","3600","Fri Apr 02 11:07:53 PDT 2021","","","39DD6S19JPC40JJSCOS14P2HVD5EZX","A281Q8U3T9H7JS","Approved","Thu Apr 01 11:35:54 PDT 2021","Thu Apr 01 11:44:42 PDT 2021","Thu Apr 01 12:44:42 PDT 2021","Thu Apr 01 12:04:58 PDT 2021","","","528","100% (1/1)","100% (1/1)","100% (1/1)","https://nets213hw.s3.us-east-2.amazonaws.com/photos/pexels-bia-sousa-4493795.jpg","There is a girl in a red shirt wearing red tinted glasses.  She is standing in front of a red building and is surrounded by red floating Uno cards.","A girl is throwing red uno cards towards the camera.","true","false"
"3I7KR83SNAEPT8VVE9441CI6TV6K9R","3BHRGUFAI8Y95GOPOVSDE43GHC0CS7","Select the better descriptor","Given 2 descriptions of a photo, select the most accurate one.","survey, photo, photography, easy, image, images,,pick,descriptions,simple,select,fast,description,descriptor","$0.02","Thu Apr 01 11:07:53 PDT 2021","5","BatchId:4390905;OriginalHitTemplateId:928390912;","1800","3600","Fri Apr 02 11:07:53 PDT 2021","","","3KIBXJ1WD5VVNFXV61SNMM8IV6YOKP","A13GUTDMGGZZDL","Approved","Thu Apr 01 11:10:32 PDT 2021","Thu Apr 01 11:17:02 PDT 2021","Thu Apr 01 12:17:02 PDT 2021","Thu Apr 01 12:04:58 PDT 2021","","","390","100% (14/14)","100% (14/14)","100% (14/14)","https://nets213hw.s3.us-east-2.amazonaws.com/photos/pexels-bia-sousa-4493795.jpg","There is a girl in a red shirt wearing red tinted glasses.  She is standing in front of a red building and is surrounded by red floating Uno cards.","A girl is throwing red uno cards towards the camera.","true","false"
"3I7KR83SNAEPT8VVE9441CI6TV6K9R","3BHRGUFAI8Y95GOPOVSDE43GHC0CS7","Select the better descriptor","Given 2 descriptions of a photo, select the most accurate one.","survey, photo, photography, easy, image, images,,pick,descriptions,simple,select,fast,description,descriptor","$0.02","Thu Apr 01 11:07:53 PDT 2021","5","BatchId:4390905;OriginalHitTemplateId:928390912;","1800","3600","Fri Apr 02 11:07:53 PDT 2021","","","3PEIJLRY6TU9CO54W6YMTAT6UHCWXY","A2HRUFTA09371Y","Approved","Thu Apr 01 11:08:42 PDT 2021","Thu Apr 01 11:09:25 PDT 2021","Thu Apr 01 12:09:25 PDT 2021","Thu Apr 01 12:04:58 PDT 2021","","","43","100% (15/15)","100% (15/15)","100% (15/15)","https://nets213hw.s3.us-east-2.amazonaws.com/photos/pexels-bia-sousa-4493795.jpg","There is a girl in a red shirt wearing red tinted glasses.  She is standing in front of a red building and is surrounded by red floating Uno cards.","A girl is throwing red uno cards towards the camera.","true","false"
"3CRWSLD91K5NQJZ41A02DF5ZDZNMOC","3BHRGUFAI8Y95GOPOVSDE43GHC0CS7","Select the better descriptor","Given 2 descriptions of a photo, select the most accurate one.","survey, photo, photography, easy, image, images,,pick,descriptions,simple,select,fast,description,descriptor","$0.02","Thu Apr 01 11:07:53 PDT 2021","5","BatchId:4390905;OriginalHitTemplateId:928390912;","1800","3600","Fri Apr 02 11:07:53 PDT 2021","","","3FE7TXL1LIO3RB6LW8ENBVHOT7V2QQ","A1F2KH08DX3M4W","Approved","Thu Apr 01 11:10:07 PDT 2021","Thu Apr 01 11:10:32 PDT 2021","Thu Apr 01 12:10:32 PDT 2021","Thu Apr 01 12:04:56 PDT 2021","","","25","100% (6/6)","100% (6/6)","100% (6/6)","https://nets213hw.s3.us-east-2.amazonaws.com/photos/pexels-clive-kim-4220967.jpg","A volcano spewing lava into the air at night.","A volcano is igniting against the dark sky.","false","true"
"3CRWSLD91K5NQJZ41A02DF5ZDZNMOC","3BHRGUFAI8Y95GOPOVSDE43GHC0CS7","Select the better descriptor","Given 2 descriptions of a photo, select the most accurate one.","survey, photo, photography, easy, image, images,,pick,descriptions,simple,select,fast,description,descriptor","$0.02","Thu Apr 01 11:07:53 PDT 2021","5","BatchId:4390905;OriginalHitTemplateId:928390912;","1800","3600","Fri Apr 02 11:07:53 PDT 2021","","","3L6L49WXW0YO132AGU986ZJVHP354B","A2CJFO19NY4T5R","Approved","Thu Apr 01 11:08:42 PDT 2021","Thu Apr 01 11:08:53 PDT 2021","Thu Apr 01 12:08:53 PDT 2021","Thu Apr 01 12:04:56 PDT 2021","","","11","100% (1/1)","100% (1/1)","100% (1/1)","https://nets213hw.s3.us-east-2.amazonaws.com/photos/pexels-clive-kim-4220967.jpg","A volcano spewing lava into the air at night.","A volcano is igniting against the dark sky.","true","false"
"3CRWSLD91K5NQJZ41A02DF5ZDZNMOC","3BHRGUFAI8Y95GOPOVSDE43GHC0CS7","Select the better descriptor","Given 2 descriptions of a photo, select the most accurate one.","survey, photo, photography, easy, image, images,,pick,descriptions,simple,select,fast,description,descriptor","$0.02","Thu Apr 01 11:07:53 PDT 2021","5","BatchId:4390905;OriginalHitTemplateId:928390912;","1800","3600","Fri Apr 02 11:07:53 PDT 2021","","","3NJM2BJS4W7VPHX8TOO4N30002LCPH","A2HRUFTA09371Y","Approved","Thu Apr 01 11:08:20 PDT 2021","Thu Apr 01 11:08:30 PDT 2021","Thu Apr 01 12:08:30 PDT 2021","Thu Apr 01 12:04:56 PDT 2021","","","10","100% (15/15)","100% (15/15)","100% (15/15)","https://nets213hw.s3.us-east-2.amazonaws.com/photos/pexels-clive-kim-4220967.jpg","A volcano spewing lava into the air at night.","A volcano is igniting against the dark sky.","true","false"
"3CRWSLD91K5NQJZ41A02DF5ZDZNMOC","3BHRGUFAI8Y95GOPOVSDE43GHC0CS7","Select the better descriptor","Given 2 descriptions of a photo, select the most accurate one.","survey, photo, photography, easy, image, images,,pick,descriptions,simple,select,fast,description,descriptor","$0.02","Thu Apr 01 11:07:53 PDT 2021","5","BatchId:4390905;OriginalHitTemplateId:928390912;","1800","3600","Fri Apr 02 11:07:53 PDT 2021","","","3PWWM24LHSZXL76PAEXNP4WOZ1982L","A13GUTDMGGZZDL","Approved","Thu Apr 01 11:10:47 PDT 2021","Thu Apr 01 11:18:40 PDT 2021","Thu Apr 01 12:18:40 PDT 2021","Thu Apr 01 12:04:56 PDT 2021","","","473","100% (14/14)","100% (14/14)","100% (14/14)","https://nets213hw.s3.us-east-2.amazonaws.com/photos/pexels-clive-kim-4220967.jpg","A volcano spewing lava into the air at night.","A volcano is igniting against the dark sky.","true","false"
"3CRWSLD91K5NQJZ41A02DF5ZDZNMOC","3BHRGUFAI8Y95GOPOVSDE43GHC0CS7","Select the better descriptor","Given 2 descriptions of a photo, select the most accurate one.","survey, photo, photography, easy, image, images,,pick,descriptions,simple,select,fast,description,descriptor","$0.02","Thu Apr 01 11:07:53 PDT 2021","5","BatchId:4390905;OriginalHitTemplateId:928390912;","1800","3600","Fri Apr 02 11:07:53 PDT 2021","","","3XC1O3LBOSNMKDKLNIQNVWRKJEKTLJ","A8MF3Y278EWK2","Approved","Thu Apr 01 11:10:56 PDT 2021","Thu Apr 01 11:11:07 PDT 2021","Thu Apr 01 12:11:07 PDT 2021","Thu Apr 01 12:04:56 PDT 2021","","","11","100% (12/12)","100% (12/12)","100% (12/12)","https://nets213hw.s3.us-east-2.amazonaws.com/photos/pexels-clive-kim-4220967.jpg","A volcano spewing lava into the air at night.","A volcano is igniting against the dark sky.","true","false"
"3HJ1EVZS2OKP1AJANKCRBB1YOVQR3A","3BHRGUFAI8Y95GOPOVSDE43GHC0CS7","Select the better descriptor","Given 2 descriptions of a photo, select the most accurate one.","survey, photo, photography, easy, image, images,,pick,descriptions,simple,select,fast,description,descriptor","$0.02","Thu Apr 01 11:07:53 PDT 2021","5","BatchId:4390905;OriginalHitTemplateId:928390912;","1800","3600","Fri Apr 02 11:07:53 PDT 2021","","","358010RM5EUWXZ5Z6WTQ78ASN8AXVP","A8TLS2F8LFQ68","Approved","Thu Apr 01 11:10:09 PDT 2021","Thu Apr 01 11:10:24 PDT 2021","Thu Apr 01 12:10:24 PDT 2021","Thu Apr 01 12:04:56 PDT 2021","","","15","100% (7/7)","100% (7/7)","100% (7/7)","https://nets213hw.s3.us-east-2.amazonaws.com/photos/pexels-cottonbro-4769486.jpg","A female sitting in a chair tilting her head back has a book covering her face.","A female sitting in a chair tilting her head back has a book covering her face.","true","false"
"3HJ1EVZS2OKP1AJANKCRBB1YOVQR3A","3BHRGUFAI8Y95GOPOVSDE43GHC0CS7","Select the better descriptor","Given 2 descriptions of a photo, select the most accurate one.","survey, photo, photography, easy, image, images,,pick,descriptions,simple,select,fast,description,descriptor","$0.02","Thu Apr 01 11:07:53 PDT 2021","5","BatchId:4390905;OriginalHitTemplateId:928390912;","1800","3600","Fri Apr 02 11:07:53 PDT 2021","","","3FTYUGLFSUM11ZL395A193D1U2X5DP","A13GUTDMGGZZDL","Approved","Thu Apr 01 11:10:46 PDT 2021","Thu Apr 01 11:17:48 PDT 2021","Thu Apr 01 12:17:48 PDT 2021","Thu Apr 01 12:04:57 PDT 2021","","","422","100% (14/14)","100% (14/14)","100% (14/14)","https://nets213hw.s3.us-east-2.amazonaws.com/photos/pexels-cottonbro-4769486.jpg","A female sitting in a chair tilting her head back has a book covering her face.","A female sitting in a chair tilting her head back has a book covering her face.","true","false"
"3HJ1EVZS2OKP1AJANKCRBB1YOVQR3A","3BHRGUFAI8Y95GOPOVSDE43GHC0CS7","Select the better descriptor","Given 2 descriptions of a photo, select the most accurate one.","survey, photo, photography, easy, image, images,,pick,descriptions,simple,select,fast,description,descriptor","$0.02","Thu Apr 01 11:07:53 PDT 2021","5","BatchId:4390905;OriginalHitTemplateId:928390912;","1800","3600","Fri Apr 02 11:07:53 PDT 2021","","","3HOSI13XHZPW5C0WOBSK7F1T7JUDD4","A2HRUFTA09371Y","Approved","Thu Apr 01 11:09:19 PDT 2021","Thu Apr 01 11:12:50 PDT 2021","Thu Apr 01 12:12:50 PDT 2021","Thu Apr 01 12:04:57 PDT 2021","","","211","100% (15/15)","100% (15/15)","100% (15/15)","https://nets213hw.s3.us-east-2.amazonaws.com/photos/pexels-cottonbro-4769486.jpg","A female sitting in a chair tilting her head back has a book covering her face.","A female sitting in a chair tilting her head back has a book covering her face.","true","false"
"3HJ1EVZS2OKP1AJANKCRBB1YOVQR3A","3BHRGUFAI8Y95GOPOVSDE43GHC0CS7","Select the better descriptor","Given 2 descriptions of a photo, select the most accurate one.","survey, photo, photography, easy, image, images,,pick,descriptions,simple,select,fast,description,descriptor","$0.02","Thu Apr 01 11:07:53 PDT 2021","5","BatchId:4390905;OriginalHitTemplateId:928390912;","1800","3600","Fri Apr 02 11:07:53 PDT 2021","","","3OB0CAO74HQGF30P63YOBLQSHZTHYP","A1F2KH08DX3M4W","Approved","Thu Apr 01 11:09:02 PDT 2021","Thu Apr 01 11:09:35 PDT 2021","Thu Apr 01 12:09:35 PDT 2021","Thu Apr 01 12:04:57 PDT 2021","","","33","100% (6/6)","100% (6/6)","100% (6/6)","https://nets213hw.s3.us-east-2.amazonaws.com/photos/pexels-cottonbro-4769486.jpg","A female sitting in a chair tilting her head back has a book covering her face.","A female sitting in a chair tilting her head back has a book covering her face.","true","false"
"3HJ1EVZS2OKP1AJANKCRBB1YOVQR3A","3BHRGUFAI8Y95GOPOVSDE43GHC0CS7","Select the better descriptor","Given 2 descriptions of a photo, select the most accurate one.","survey, photo, photography, easy, image, images,,pick,descriptions,simple,select,fast,description,descriptor","$0.02","Thu Apr 01 11:07:53 PDT 2021","5","BatchId:4390905;OriginalHitTemplateId:928390912;","1800","3600","Fri Apr 02 11:07:53 PDT 2021","","","3QRYMNZ7FYIC8DN6ZV628OV9O9KNTF","ALHY07J1IGHO8","Approved","Thu Apr 01 11:09:24 PDT 2021","Thu Apr 01 11:09:34 PDT 2021","Thu Apr 01 12:09:34 PDT 2021","Thu Apr 01 12:04:57 PDT 2021","","","10","100% (1/1)","100% (1/1)","100% (1/1)","https://nets213hw.s3.us-east-2.amazonaws.com/photos/pexels-cottonbro-4769486.jpg","A female sitting in a chair tilting her head back has a book covering her face.","A female sitting in a chair tilting her head back has a book covering her face.","true","false"
"3XDSWAMB22TD290T3YYSZOVNYM1CQS","3BHRGUFAI8Y95GOPOVSDE43GHC0CS7","Select the better descriptor","Given 2 descriptions of a photo, select the most accurate one.","survey, photo, photography, easy, image, images,,pick,descriptions,simple,select,fast,description,descriptor","$0.02","Thu Apr 01 11:07:53 PDT 2021","5","BatchId:4390905;OriginalHitTemplateId:928390912;","1800","3600","Fri Apr 02 11:07:53 PDT 2021","","","33PPUNGG386T9NOXYUC13W10A2VZRV","A24DSECWUBZC0Z","Approved","Thu Apr 01 11:09:31 PDT 2021","Thu Apr 01 11:09:52 PDT 2021","Thu Apr 01 12:09:52 PDT 2021","Thu Apr 01 12:05:01 PDT 2021","","","21","100% (5/5)","100% (5/5)","100% (5/5)","https://nets213hw.s3.us-east-2.amazonaws.com/photos/pexels-edu-carvalho-2050975.jpg","An elderly woman is standing in a park laughing while holding a basket of red flowers and a brown sun hat..","A old women is holding a basket of red flowers while holding a white hat.","true","false"
"3XDSWAMB22TD290T3YYSZOVNYM1CQS","3BHRGUFAI8Y95GOPOVSDE43GHC0CS7","Select the better descriptor","Given 2 descriptions of a photo, select the most accurate one.","survey, photo, photography, easy, image, images,,pick,descriptions,simple,select,fast,description,descriptor","$0.02","Thu Apr 01 11:07:53 PDT 2021","5","BatchId:4390905;OriginalHitTemplateId:928390912;","1800","3600","Fri Apr 02 11:07:53 PDT 2021","","","3HSYG7LRBJZCXOCG890UF5R9B1OKK1","A2HRUFTA09371Y","Approved","Thu Apr 01 11:08:40 PDT 2021","Thu Apr 01 11:09:11 PDT 2021","Thu Apr 01 12:09:11 PDT 2021","Thu Apr 01 12:05:02 PDT 2021","","","31","100% (15/15)","100% (15/15)","100% (15/15)","https://nets213hw.s3.us-east-2.amazonaws.com/photos/pexels-edu-carvalho-2050975.jpg","An elderly woman is standing in a park laughing while holding a basket of red flowers and a brown sun hat..","A old women is holding a basket of red flowers while holding a white hat.","true","false"
"3XDSWAMB22TD290T3YYSZOVNYM1CQS","3BHRGUFAI8Y95GOPOVSDE43GHC0CS7","Select the better descriptor","Given 2 descriptions of a photo, select the most accurate one.","survey, photo, photography, easy, image, images,,pick,descriptions,simple,select,fast,description,descriptor","$0.02","Thu Apr 01 11:07:53 PDT 2021","5","BatchId:4390905;OriginalHitTemplateId:928390912;","1800","3600","Fri Apr 02 11:07:53 PDT 2021","","","3LRKMWOKB5IC537CJ4X02OTSYAG2ZK","A13GUTDMGGZZDL","Approved","Thu Apr 01 11:10:25 PDT 2021","Thu Apr 01 11:13:54 PDT 2021","Thu Apr 01 12:13:54 PDT 2021","Thu Apr 01 12:05:02 PDT 2021","","","209","100% (14/14)","100% (14/14)","100% (14/14)","https://nets213hw.s3.us-east-2.amazonaws.com/photos/pexels-edu-carvalho-2050975.jpg","An elderly woman is standing in a park laughing while holding a basket of red flowers and a brown sun hat..","A old women is holding a basket of red flowers while holding a white hat.","true","false"
"3XDSWAMB22TD290T3YYSZOVNYM1CQS","3BHRGUFAI8Y95GOPOVSDE43GHC0CS7","Select the better descriptor","Given 2 descriptions of a photo, select the most accurate one.","survey, photo, photography, easy, image, images,,pick,descriptions,simple,select,fast,description,descriptor","$0.02","Thu Apr 01 11:07:53 PDT 2021","5","BatchId:4390905;OriginalHitTemplateId:928390912;","1800","3600","Fri Apr 02 11:07:53 PDT 2021","","","3RUIQRXJBBPY10CGE9OW95H3P1YLL8","A8MF3Y278EWK2","Approved","Thu Apr 01 11:10:25 PDT 2021","Thu Apr 01 11:10:36 PDT 2021","Thu Apr 01 12:10:36 PDT 2021","Thu Apr 01 12:05:02 PDT 2021","","","11","100% (12/12)","100% (12/12)","100% (12/12)","https://nets213hw.s3.us-east-2.amazonaws.com/photos/pexels-edu-carvalho-2050975.jpg","An elderly woman is standing in a park laughing while holding a basket of red flowers and a brown sun hat..","A old women is holding a basket of red flowers while holding a white hat.","true","false"
"3XDSWAMB22TD290T3YYSZOVNYM1CQS","3BHRGUFAI8Y95GOPOVSDE43GHC0CS7","Select the better descriptor","Given 2 descriptions of a photo, select the most accurate one.","survey, photo, photography, easy, image, images,,pick,descriptions,simple,select,fast,description,descriptor","$0.02","Thu Apr 01 11:07:53 PDT 2021","5","BatchId:4390905;OriginalHitTemplateId:928390912;","1800","3600","Fri Apr 02 11:07:53 PDT 2021","","","3TUI152ZZBOW2QOPD4E96C7J11GQ1W","A3EO5H2EI4G4TC","Approved","Thu Apr 01 11:08:54 PDT 2021","Thu Apr 01 11:16:39 PDT 2021","Thu Apr 01 12:16:39 PDT 2021","Thu Apr 01 12:05:02 PDT 2021","","","465","100% (3/3)","100% (3/3)","100% (3/3)","https://nets213hw.s3.us-east-2.amazonaws.com/photos/pexels-edu-carvalho-2050975.jpg","An elderly woman is standing in a park laughing while holding a basket of red flowers and a brown sun hat..","A old women is holding a basket of red flowers while holding a white hat.","true","false"
"359AP8GAGGL3WRVE7ZPMZXESTW97CP","3BHRGUFAI8Y95GOPOVSDE43GHC0CS7","Select the better descriptor","Given 2 descriptions of a photo, select the most accurate one.","survey, photo, photography, easy, image, images,,pick,descriptions,simple,select,fast,description,descriptor","$0.02","Thu Apr 01 11:07:53 PDT 2021","5","BatchId:4390905;OriginalHitTemplateId:928390912;","1800","3600","Fri Apr 02 11:07:53 PDT 2021","","","34HJIJKLP5X5ZXHPMLRLAXDUUD5V48","A13GUTDMGGZZDL","Approved","Thu Apr 01 11:10:31 PDT 2021","Thu Apr 01 11:16:38 PDT 2021","Thu Apr 01 12:16:38 PDT 2021","Thu Apr 01 12:04:54 PDT 2021","","","367","100% (14/14)","100% (14/14)","100% (14/14)","https://nets213hw.s3.us-east-2.amazonaws.com/photos/pexels-eric-christian-capilador-6008360.jpg","A lady wearing sunglasses is looking down at the camera with her hand pointed towards the camera.","A woman is holding a glass of wine and putting her hands close to the camera.","true","false"
"359AP8GAGGL3WRVE7ZPMZXESTW97CP","3BHRGUFAI8Y95GOPOVSDE43GHC0CS7","Select the better descriptor","Given 2 descriptions of a photo, select the most accurate one.","survey, photo, photography, easy, image, images,,pick,descriptions,simple,select,fast,description,descriptor","$0.02","Thu Apr 01 11:07:53 PDT 2021","5","BatchId:4390905;OriginalHitTemplateId:928390912;","1800","3600","Fri Apr 02 11:07:53 PDT 2021","","","39OWYR0EPKSW179JBDAO80EF1KGYF8","AABIX1L6Q3X0","Approved","Thu Apr 01 11:11:19 PDT 2021","Thu Apr 01 11:11:54 PDT 2021","Thu Apr 01 12:11:54 PDT 2021","Thu Apr 01 12:04:54 PDT 2021","","","35","100% (4/4)","100% (4/4)","100% (4/4)","https://nets213hw.s3.us-east-2.amazonaws.com/photos/pexels-eric-christian-capilador-6008360.jpg","A lady wearing sunglasses is looking down at the camera with her hand pointed towards the camera.","A woman is holding a glass of wine and putting her hands close to the camera.","true","false"
"359AP8GAGGL3WRVE7ZPMZXESTW97CP","3BHRGUFAI8Y95GOPOVSDE43GHC0CS7","Select the better descriptor","Given 2 descriptions of a photo, select the most accurate one.","survey, photo, photography, easy, image, images,,pick,descriptions,simple,select,fast,description,descriptor","$0.02","Thu Apr 01 11:07:53 PDT 2021","5","BatchId:4390905;OriginalHitTemplateId:928390912;","1800","3600","Fri Apr 02 11:07:53 PDT 2021","","","3PQMUDRV7R7ULYW483U6P9XJRTAIID","A2HRUFTA09371Y","Approved","Thu Apr 01 11:09:07 PDT 2021","Thu Apr 01 11:12:19 PDT 2021","Thu Apr 01 12:12:19 PDT 2021","Thu Apr 01 12:04:54 PDT 2021","","","192","100% (15/15)","100% (15/15)","100% (15/15)","https://nets213hw.s3.us-east-2.amazonaws.com/photos/pexels-eric-christian-capilador-6008360.jpg","A lady wearing sunglasses is looking down at the camera with her hand pointed towards the camera.","A woman is holding a glass of wine and putting her hands close to the camera.","true","false"
"359AP8GAGGL3WRVE7ZPMZXESTW97CP","3BHRGUFAI8Y95GOPOVSDE43GHC0CS7","Select the better descriptor","Given 2 descriptions of a photo, select the most accurate one.","survey, photo, photography, easy, image, images,,pick,descriptions,simple,select,fast,description,descriptor","$0.02","Thu Apr 01 11:07:53 PDT 2021","5","BatchId:4390905;OriginalHitTemplateId:928390912;","1800","3600","Fri Apr 02 11:07:53 PDT 2021","","","3QUO65DNQUP9QB270FWPS9HGXXWUOS","ADP1QUGXHGJRS","Approved","Thu Apr 01 11:09:48 PDT 2021","Thu Apr 01 11:15:18 PDT 2021","Thu Apr 01 12:15:18 PDT 2021","Thu Apr 01 12:04:54 PDT 2021","","","330","100% (1/1)","100% (1/1)","100% (1/1)","https://nets213hw.s3.us-east-2.amazonaws.com/photos/pexels-eric-christian-capilador-6008360.jpg","A lady wearing sunglasses is looking down at the camera with her hand pointed towards the camera.","A woman is holding a glass of wine and putting her hands close to the camera.","true","true"
"359AP8GAGGL3WRVE7ZPMZXESTW97CP","3BHRGUFAI8Y95GOPOVSDE43GHC0CS7","Select the better descriptor","Given 2 descriptions of a photo, select the most accurate one.","survey, photo, photography, easy, image, images,,pick,descriptions,simple,select,fast,description,descriptor","$0.02","Thu Apr 01 11:07:53 PDT 2021","5","BatchId:4390905;OriginalHitTemplateId:928390912;","1800","3600","Fri Apr 02 11:07:53 PDT 2021","","","3ZSANO2JCF8Z5LXAC7IZQEQEKZKFSB","AR29S906119QE","Approved","Thu Apr 01 11:10:24 PDT 2021","Thu Apr 01 11:34:05 PDT 2021","Thu Apr 01 12:34:05 PDT 2021","Thu Apr 01 12:04:55 PDT 2021","","","1421","100% (2/2)","100% (2/2)","100% (2/2)","https://nets213hw.s3.us-east-2.amazonaws.com/photos/pexels-eric-christian-capilador-6008360.jpg","A lady wearing sunglasses is looking down at the camera with her hand pointed towards the camera.","A woman is holding a glass of wine and putting her hands close to the camera.","true","false"
"3R16PJFTS3SOW2PJXE8DK47Q73S4KF","3BHRGUFAI8Y95GOPOVSDE43GHC0CS7","Select the better descriptor","Given 2 descriptions of a photo, select the most accurate one.","survey, photo, photography, easy, image, images,,pick,descriptions,simple,select,fast,description,descriptor","$0.02","Thu Apr 01 11:07:53 PDT 2021","5","BatchId:4390905;OriginalHitTemplateId:928390912;","1800","3600","Fri Apr 02 11:07:53 PDT 2021","","","3DZQRBDBSLG4P9HHSCHXP51HH9FS3F","A3EO5H2EI4G4TC","Approved","Thu Apr 01 11:08:48 PDT 2021","Thu Apr 01 11:10:01 PDT 2021","Thu Apr 01 12:10:01 PDT 2021","Thu Apr 01 12:04:59 PDT 2021","","","73","100% (3/3)","100% (3/3)","100% (3/3)","https://nets213hw.s3.us-east-2.amazonaws.com/photos/pexels-eugene-dorosh-739407.jpg","The eiffel tower is pictured with the city in the background.","The eiffel tower standing tall with the city in the background.","false","true"
"3R16PJFTS3SOW2PJXE8DK47Q73S4KF","3BHRGUFAI8Y95GOPOVSDE43GHC0CS7","Select the better descriptor","Given 2 descriptions of a photo, select the most accurate one.","survey, photo, photography, easy, image, images,,pick,descriptions,simple,select,fast,description,descriptor","$0.02","Thu Apr 01 11:07:53 PDT 2021","5","BatchId:4390905;OriginalHitTemplateId:928390912;","1800","3600","Fri Apr 02 11:07:53 PDT 2021","","","3FTYUGLFSUM11ZL395A193D1U2WD5W","A2HRUFTA09371Y","Approved","Thu Apr 01 11:08:51 PDT 2021","Thu Apr 01 11:09:41 PDT 2021","Thu Apr 01 12:09:41 PDT 2021","Thu Apr 01 12:04:59 PDT 2021","","","50","100% (15/15)","100% (15/15)","100% (15/15)","https://nets213hw.s3.us-east-2.amazonaws.com/photos/pexels-eugene-dorosh-739407.jpg","The eiffel tower is pictured with the city in the background.","The eiffel tower standing tall with the city in the background.","true","false"
"3R16PJFTS3SOW2PJXE8DK47Q73S4KF","3BHRGUFAI8Y95GOPOVSDE43GHC0CS7","Select the better descriptor","Given 2 descriptions of a photo, select the most accurate one.","survey, photo, photography, easy, image, images,,pick,descriptions,simple,select,fast,description,descriptor","$0.02","Thu Apr 01 11:07:53 PDT 2021","5","BatchId:4390905;OriginalHitTemplateId:928390912;","1800","3600","Fri Apr 02 11:07:53 PDT 2021","","","3TAYZSBPLL9F4RLYOC3S6VWPBVFS24","A8MF3Y278EWK2","Approved","Thu Apr 01 11:08:39 PDT 2021","Thu Apr 01 11:09:01 PDT 2021","Thu Apr 01 12:09:01 PDT 2021","Thu Apr 01 12:04:59 PDT 2021","","","22","100% (12/12)","100% (12/12)","100% (12/12)","https://nets213hw.s3.us-east-2.amazonaws.com/photos/pexels-eugene-dorosh-739407.jpg","The eiffel tower is pictured with the city in the background.","The eiffel tower standing tall with the city in the background.","true","false"
"3R16PJFTS3SOW2PJXE8DK47Q73S4KF","3BHRGUFAI8Y95GOPOVSDE43GHC0CS7","Select the better descriptor","Given 2 descriptions of a photo, select the most accurate one.","survey, photo, photography, easy, image, images,,pick,descriptions,simple,select,fast,description,descriptor","$0.02","Thu Apr 01 11:07:53 PDT 2021","5","BatchId:4390905;OriginalHitTemplateId:928390912;","1800","3600","Fri Apr 02 11:07:53 PDT 2021","","","3UN61F00HWQV2948R65LESU593NR5G","AABIX1L6Q3X0","Approved","Thu Apr 01 11:10:43 PDT 2021","Thu Apr 01 11:11:12 PDT 2021","Thu Apr 01 12:11:12 PDT 2021","Thu Apr 01 12:04:59 PDT 2021","","","29","100% (4/4)","100% (4/4)","100% (4/4)","https://nets213hw.s3.us-east-2.amazonaws.com/photos/pexels-eugene-dorosh-739407.jpg","The eiffel tower is pictured with the city in the background.","The eiffel tower standing tall with the city in the background.","true","false"
"3R16PJFTS3SOW2PJXE8DK47Q73S4KF","3BHRGUFAI8Y95GOPOVSDE43GHC0CS7","Select the better descriptor","Given 2 descriptions of a photo, select the most accurate one.","survey, photo, photography, easy, image, images,,pick,descriptions,simple,select,fast,description,descriptor","$0.02","Thu Apr 01 11:07:53 PDT 2021","5","BatchId:4390905;OriginalHitTemplateId:928390912;","1800","3600","Fri Apr 02 11:07:53 PDT 2021","","","3YOH7BII098QDZ6S7DE1HE2QRZVKVN","A10042UW3Q59GF","Approved","Thu Apr 01 11:09:23 PDT 2021","Thu Apr 01 11:10:10 PDT 2021","Thu Apr 01 12:10:10 PDT 2021","Thu Apr 01 12:05:00 PDT 2021","","","47","100% (3/3)","100% (3/3)","100% (3/3)","https://nets213hw.s3.us-east-2.amazonaws.com/photos/pexels-eugene-dorosh-739407.jpg","The eiffel tower is pictured with the city in the background.","The eiffel tower standing tall with the city in the background.","false","true"
"34XASH8KLQN5BJB5GADH2FAPN4JMPT","3BHRGUFAI8Y95GOPOVSDE43GHC0CS7","Select the better descriptor","Given 2 descriptions of a photo, select the most accurate one.","survey, photo, photography, easy, image, images,,pick,descriptions,simple,select,fast,description,descriptor","$0.02","Thu Apr 01 11:07:53 PDT 2021","5","BatchId:4390905;OriginalHitTemplateId:928390912;","1800","3600","Fri Apr 02 11:07:53 PDT 2021","","","3KIBXJ1WD5VVNFXV61SNMM8IV6YKOL","A8MF3Y278EWK2","Approved","Thu Apr 01 11:09:02 PDT 2021","Thu Apr 01 11:09:17 PDT 2021","Thu Apr 01 12:09:17 PDT 2021","Thu Apr 01 12:04:53 PDT 2021","","","15","100% (12/12)","100% (12/12)","100% (12/12)","https://nets213hw.s3.us-east-2.amazonaws.com/photos/pexels-evgeny-tchebotarev-4101555.jpg","A rainbow over mountains at dusk.","A rainbow over mountains at dusk.","true","false"
"34XASH8KLQN5BJB5GADH2FAPN4JMPT","3BHRGUFAI8Y95GOPOVSDE43GHC0CS7","Select the better descriptor","Given 2 descriptions of a photo, select the most accurate one.","survey, photo, photography, easy, image, images,,pick,descriptions,simple,select,fast,description,descriptor","$0.02","Thu Apr 01 11:07:53 PDT 2021","5","BatchId:4390905;OriginalHitTemplateId:928390912;","1800","3600","Fri Apr 02 11:07:53 PDT 2021","","","3NC5L260MONK7T5H5Q1Q69GDNAHFOE","A10042UW3Q59GF","Approved","Thu Apr 01 11:10:10 PDT 2021","Thu Apr 01 11:10:32 PDT 2021","Thu Apr 01 12:10:32 PDT 2021","Thu Apr 01 12:04:53 PDT 2021","","","22","100% (3/3)","100% (3/3)","100% (3/3)","https://nets213hw.s3.us-east-2.amazonaws.com/photos/pexels-evgeny-tchebotarev-4101555.jpg","A rainbow over mountains at dusk.","A rainbow over mountains at dusk.","true","true"
"34XASH8KLQN5BJB5GADH2FAPN4JMPT","3BHRGUFAI8Y95GOPOVSDE43GHC0CS7","Select the better descriptor","Given 2 descriptions of a photo, select the most accurate one.","survey, photo, photography, easy, image, images,,pick,descriptions,simple,select,fast,description,descriptor","$0.02","Thu Apr 01 11:07:53 PDT 2021","5","BatchId:4390905;OriginalHitTemplateId:928390912;","1800","3600","Fri Apr 02 11:07:53 PDT 2021","","","3TS1AR6UQQFDMNDIO4KOVNUIXL7F7O","A2HRUFTA09371Y","Approved","Thu Apr 01 11:09:00 PDT 2021","Thu Apr 01 11:10:01 PDT 2021","Thu Apr 01 12:10:01 PDT 2021","Thu Apr 01 12:04:53 PDT 2021","","","61","100% (15/15)","100% (15/15)","100% (15/15)","https://nets213hw.s3.us-east-2.amazonaws.com/photos/pexels-evgeny-tchebotarev-4101555.jpg","A rainbow over mountains at dusk.","A rainbow over mountains at dusk.","true","false"
"34XASH8KLQN5BJB5GADH2FAPN4JMPT","3BHRGUFAI8Y95GOPOVSDE43GHC0CS7","Select the better descriptor","Given 2 descriptions of a photo, select the most accurate one.","survey, photo, photography, easy, image, images,,pick,descriptions,simple,select,fast,description,descriptor","$0.02","Thu Apr 01 11:07:53 PDT 2021","5","BatchId:4390905;OriginalHitTemplateId:928390912;","1800","3600","Fri Apr 02 11:07:53 PDT 2021","","","3VSOLARPKBAMKULIJ6H68AWRPLR39G","A13GUTDMGGZZDL","Approved","Thu Apr 01 11:10:46 PDT 2021","Thu Apr 01 11:18:14 PDT 2021","Thu Apr 01 12:18:14 PDT 2021","Thu Apr 01 12:04:54 PDT 2021","","","448","100% (14/14)","100% (14/14)","100% (14/14)","https://nets213hw.s3.us-east-2.amazonaws.com/photos/pexels-evgeny-tchebotarev-4101555.jpg","A rainbow over mountains at dusk.","A rainbow over mountains at dusk.","true","false"
"34XASH8KLQN5BJB5GADH2FAPN4JMPT","3BHRGUFAI8Y95GOPOVSDE43GHC0CS7","Select the better descriptor","Given 2 descriptions of a photo, select the most accurate one.","survey, photo, photography, easy, image, images,,pick,descriptions,simple,select,fast,description,descriptor","$0.02","Thu Apr 01 11:07:53 PDT 2021","5","BatchId:4390905;OriginalHitTemplateId:928390912;","1800","3600","Fri Apr 02 11:07:53 PDT 2021","","","3ZWFC4W1UU8N46XXXIIU04LIYX1FRN","A8TLS2F8LFQ68","Approved","Thu Apr 01 11:10:24 PDT 2021","Thu Apr 01 11:10:34 PDT 2021","Thu Apr 01 12:10:34 PDT 2021","Thu Apr 01 12:04:54 PDT 2021","","","10","100% (7/7)","100% (7/7)","100% (7/7)","https://nets213hw.s3.us-east-2.amazonaws.com/photos/pexels-evgeny-tchebotarev-4101555.jpg","A rainbow over mountains at dusk.","A rainbow over mountains at dusk.","true","false"
"378G7J1SJLZXJ4GTBY3TH1DC7ZVEWR","3BHRGUFAI8Y95GOPOVSDE43GHC0CS7","Select the better descriptor","Given 2 descriptions of a photo, select the most accurate one.","survey, photo, photography, easy, image, images,,pick,descriptions,simple,select,fast,description,descriptor","$0.02","Thu Apr 01 11:07:53 PDT 2021","5","BatchId:4390905;OriginalHitTemplateId:928390912;","1800","3600","Fri Apr 02 11:07:53 PDT 2021","","","34Z02EIMISE9NHVZYP44XCZWGGA0TI","A8MF3Y278EWK2","Approved","Thu Apr 01 11:11:07 PDT 2021","Thu Apr 01 11:11:23 PDT 2021","Thu Apr 01 12:11:23 PDT 2021","Thu Apr 01 12:04:55 PDT 2021","","","16","100% (12/12)","100% (12/12)","100% (12/12)","https://nets213hw.s3.us-east-2.amazonaws.com/photos/pexels-fauxels-3182749.jpg","A girl is standing at a table reading off of a card at the meeting as people watch and listen.","A girl reading while holding a tablet as people are sitting and looking at her.","false","true"
"378G7J1SJLZXJ4GTBY3TH1DC7ZVEWR","3BHRGUFAI8Y95GOPOVSDE43GHC0CS7","Select the better descriptor","Given 2 descriptions of a photo, select the most accurate one.","survey, photo, photography, easy, image, images,,pick,descriptions,simple,select,fast,description,descriptor","$0.02","Thu Apr 01 11:07:53 PDT 2021","5","BatchId:4390905;OriginalHitTemplateId:928390912;","1800","3600","Fri Apr 02 11:07:53 PDT 2021","","","378XPAWRUCEFFGD6WF2T8B90EL5IA9","A2HRUFTA09371Y","Approved","Thu Apr 01 11:08:54 PDT 2021","Thu Apr 01 11:09:50 PDT 2021","Thu Apr 01 12:09:50 PDT 2021","Thu Apr 01 12:04:55 PDT 2021","","","56","100% (15/15)","100% (15/15)","100% (15/15)","https://nets213hw.s3.us-east-2.amazonaws.com/photos/pexels-fauxels-3182749.jpg","A girl is standing at a table reading off of a card at the meeting as people watch and listen.","A girl reading while holding a tablet as people are sitting and looking at her.","true","false"
"378G7J1SJLZXJ4GTBY3TH1DC7ZVEWR","3BHRGUFAI8Y95GOPOVSDE43GHC0CS7","Select the better descriptor","Given 2 descriptions of a photo, select the most accurate one.","survey, photo, photography, easy, image, images,,pick,descriptions,simple,select,fast,description,descriptor","$0.02","Thu Apr 01 11:07:53 PDT 2021","5","BatchId:4390905;OriginalHitTemplateId:928390912;","1800","3600","Fri Apr 02 11:07:53 PDT 2021","","","39OWYR0EPKSW179JBDAO80EF1KGFYP","A8TLS2F8LFQ68","Approved","Thu Apr 01 11:10:35 PDT 2021","Thu Apr 01 11:10:54 PDT 2021","Thu Apr 01 12:10:54 PDT 2021","Thu Apr 01 12:04:55 PDT 2021","","","19","100% (7/7)","100% (7/7)","100% (7/7)","https://nets213hw.s3.us-east-2.amazonaws.com/photos/pexels-fauxels-3182749.jpg","A girl is standing at a table reading off of a card at the meeting as people watch and listen.","A girl reading while holding a tablet as people are sitting and looking at her.","true","false"
"378G7J1SJLZXJ4GTBY3TH1DC7ZVEWR","3BHRGUFAI8Y95GOPOVSDE43GHC0CS7","Select the better descriptor","Given 2 descriptions of a photo, select the most accurate one.","survey, photo, photography, easy, image, images,,pick,descriptions,simple,select,fast,description,descriptor","$0.02","Thu Apr 01 11:07:53 PDT 2021","5","BatchId:4390905;OriginalHitTemplateId:928390912;","1800","3600","Fri Apr 02 11:07:53 PDT 2021","","","3LWJHTCVCCNNS5IXK3TUVEBD2BZQFX","A1F2KH08DX3M4W","Approved","Thu Apr 01 11:09:35 PDT 2021","Thu Apr 01 11:10:07 PDT 2021","Thu Apr 01 12:10:07 PDT 2021","Thu Apr 01 12:04:55 PDT 2021","","","32","100% (6/6)","100% (6/6)","100% (6/6)","https://nets213hw.s3.us-east-2.amazonaws.com/photos/pexels-fauxels-3182749.jpg","A girl is standing at a table reading off of a card at the meeting as people watch and listen.","A girl reading while holding a tablet as people are sitting and looking at her.","true","false"
"378G7J1SJLZXJ4GTBY3TH1DC7ZVEWR","3BHRGUFAI8Y95GOPOVSDE43GHC0CS7","Select the better descriptor","Given 2 descriptions of a photo, select the most accurate one.","survey, photo, photography, easy, image, images,,pick,descriptions,simple,select,fast,description,descriptor","$0.02","Thu Apr 01 11:07:53 PDT 2021","5","BatchId:4390905;OriginalHitTemplateId:928390912;","1800","3600","Fri Apr 02 11:07:53 PDT 2021","","","3SB5N7Y3O355IC9TEP5XYTK7QM20G9","A13GUTDMGGZZDL","Approved","Thu Apr 01 11:10:30 PDT 2021","Thu Apr 01 11:16:23 PDT 2021","Thu Apr 01 12:16:23 PDT 2021","Thu Apr 01 12:04:55 PDT 2021","","","353","100% (14/14)","100% (14/14)","100% (14/14)","https://nets213hw.s3.us-east-2.amazonaws.com/photos/pexels-fauxels-3182749.jpg","A girl is standing at a table reading off of a card at the meeting as people watch and listen.","A girl reading while holding a tablet as people are sitting and looking at her.","true","false"
"3UUSLRKAUL4D1J1S7VKXJ3WAEWL7DP","3BHRGUFAI8Y95GOPOVSDE43GHC0CS7","Select the better descriptor","Given 2 descriptions of a photo, select the most accurate one.","survey, photo, photography, easy, image, images,,pick,descriptions,simple,select,fast,description,descriptor","$0.02","Thu Apr 01 11:07:53 PDT 2021","5","BatchId:4390905;OriginalHitTemplateId:928390912;","1800","3600","Fri Apr 02 11:07:53 PDT 2021","","","3CN4LGXD5XPM3RCURWE5HWHOCU7Y4K","A8MF3Y278EWK2","Approved","Thu Apr 01 11:10:37 PDT 2021","Thu Apr 01 11:10:44 PDT 2021","Thu Apr 01 12:10:44 PDT 2021","Thu Apr 01 12:05:00 PDT 2021","","","7","100% (12/12)","100% (12/12)","100% (12/12)","https://nets213hw.s3.us-east-2.amazonaws.com/photos/pexels-godisable-jacob-1394882.jpg","A woman is laughing with her hand over her mouth.","A woman is laughing with her hand over her mouth.","true","false"
"3UUSLRKAUL4D1J1S7VKXJ3WAEWL7DP","3BHRGUFAI8Y95GOPOVSDE43GHC0CS7","Select the better descriptor","Given 2 descriptions of a photo, select the most accurate one.","survey, photo, photography, easy, image, images,,pick,descriptions,simple,select,fast,description,descriptor","$0.02","Thu Apr 01 11:07:53 PDT 2021","5","BatchId:4390905;OriginalHitTemplateId:928390912;","1800","3600","Fri Apr 02 11:07:53 PDT 2021","","","3K9FOBBF2HKOP0F1QM4BMXLSUWYNLC","A2HRUFTA09371Y","Approved","Thu Apr 01 11:09:03 PDT 2021","Thu Apr 01 11:10:06 PDT 2021","Thu Apr 01 12:10:06 PDT 2021","Thu Apr 01 12:05:00 PDT 2021","","","63","100% (15/15)","100% (15/15)","100% (15/15)","https://nets213hw.s3.us-east-2.amazonaws.com/photos/pexels-godisable-jacob-1394882.jpg","A woman is laughing with her hand over her mouth.","A woman is laughing with her hand over her mouth.","true","false"
"3UUSLRKAUL4D1J1S7VKXJ3WAEWL7DP","3BHRGUFAI8Y95GOPOVSDE43GHC0CS7","Select the better descriptor","Given 2 descriptions of a photo, select the most accurate one.","survey, photo, photography, easy, image, images,,pick,descriptions,simple,select,fast,description,descriptor","$0.02","Thu Apr 01 11:07:53 PDT 2021","5","BatchId:4390905;OriginalHitTemplateId:928390912;","1800","3600","Fri Apr 02 11:07:53 PDT 2021","","","3OUYGIZWR7ZBVP2SH8VKS2YZRDP0PD","A1F2KH08DX3M4W","Approved","Thu Apr 01 11:10:54 PDT 2021","Thu Apr 01 11:11:10 PDT 2021","Thu Apr 01 12:11:10 PDT 2021","Thu Apr 01 12:05:00 PDT 2021","","","16","100% (6/6)","100% (6/6)","100% (6/6)","https://nets213hw.s3.us-east-2.amazonaws.com/photos/pexels-godisable-jacob-1394882.jpg","A woman is laughing with her hand over her mouth.","A woman is laughing with her hand over her mouth.","true","false"
"3UUSLRKAUL4D1J1S7VKXJ3WAEWL7DP","3BHRGUFAI8Y95GOPOVSDE43GHC0CS7","Select the better descriptor","Given 2 descriptions of a photo, select the most accurate one.","survey, photo, photography, easy, image, images,,pick,descriptions,simple,select,fast,description,descriptor","$0.02","Thu Apr 01 11:07:53 PDT 2021","5","BatchId:4390905;OriginalHitTemplateId:928390912;","1800","3600","Fri Apr 02 11:07:53 PDT 2021","","","3UOUJI6MTDFWKKGZ16JLBM89911UXX","A24DSECWUBZC0Z","Approved","Thu Apr 01 11:10:13 PDT 2021","Thu Apr 01 11:10:24 PDT 2021","Thu Apr 01 12:10:24 PDT 2021","Thu Apr 01 12:05:00 PDT 2021","","","11","100% (5/5)","100% (5/5)","100% (5/5)","https://nets213hw.s3.us-east-2.amazonaws.com/photos/pexels-godisable-jacob-1394882.jpg","A woman is laughing with her hand over her mouth.","A woman is laughing with her hand over her mouth.","true","false"
"3UUSLRKAUL4D1J1S7VKXJ3WAEWL7DP","3BHRGUFAI8Y95GOPOVSDE43GHC0CS7","Select the better descriptor","Given 2 descriptions of a photo, select the most accurate one.","survey, photo, photography, easy, image, images,,pick,descriptions,simple,select,fast,description,descriptor","$0.02","Thu Apr 01 11:07:53 PDT 2021","5","BatchId:4390905;OriginalHitTemplateId:928390912;","1800","3600","Fri Apr 02 11:07:53 PDT 2021","","","3V0Z7YWSIY1VWJ22I78XHIGWAZ9V2C","A13GUTDMGGZZDL","Approved","Thu Apr 01 11:10:28 PDT 2021","Thu Apr 01 11:15:12 PDT 2021","Thu Apr 01 12:15:12 PDT 2021","Thu Apr 01 12:05:00 PDT 2021","","","284","100% (14/14)","100% (14/14)","100% (14/14)","https://nets213hw.s3.us-east-2.amazonaws.com/photos/pexels-godisable-jacob-1394882.jpg","A woman is laughing with her hand over her mouth.","A woman is laughing with her hand over her mouth.","true","false"
"3VLL1PIENQPNPQYNGZQWLH18S35OZV","3BHRGUFAI8Y95GOPOVSDE43GHC0CS7","Select the better descriptor","Given 2 descriptions of a photo, select the most accurate one.","survey, photo, photography, easy, image, images,,pick,descriptions,simple,select,fast,description,descriptor","$0.02","Thu Apr 01 11:07:53 PDT 2021","5","BatchId:4390905;OriginalHitTemplateId:928390912;","1800","3600","Fri Apr 02 11:07:53 PDT 2021","","","33C7UALJVLZQWMOTRAX9KLMJ7VV814","A1F2KH08DX3M4W","Approved","Thu Apr 01 11:10:32 PDT 2021","Thu Apr 01 11:10:54 PDT 2021","Thu Apr 01 12:10:54 PDT 2021","Thu Apr 01 12:05:00 PDT 2021","","","22","100% (6/6)","100% (6/6)","100% (6/6)","https://nets213hw.s3.us-east-2.amazonaws.com/photos/pexels-guillaume-meurice-2815028.jpg","It is a view looking up threw sky scrapers.","It is a view of some big buildings towards the sky.","true","false"
"3VLL1PIENQPNPQYNGZQWLH18S35OZV","3BHRGUFAI8Y95GOPOVSDE43GHC0CS7","Select the better descriptor","Given 2 descriptions of a photo, select the most accurate one.","survey, photo, photography, easy, image, images,,pick,descriptions,simple,select,fast,description,descriptor","$0.02","Thu Apr 01 11:07:53 PDT 2021","5","BatchId:4390905;OriginalHitTemplateId:928390912;","1800","3600","Fri Apr 02 11:07:53 PDT 2021","","","39GAF6DQWR1O7YK6Z38JCZ6RITVV1V","A13GUTDMGGZZDL","Approved","Thu Apr 01 11:10:27 PDT 2021","Thu Apr 01 11:14:51 PDT 2021","Thu Apr 01 12:14:51 PDT 2021","Thu Apr 01 12:05:01 PDT 2021","","","264","100% (14/14)","100% (14/14)","100% (14/14)","https://nets213hw.s3.us-east-2.amazonaws.com/photos/pexels-guillaume-meurice-2815028.jpg","It is a view looking up threw sky scrapers.","It is a view of some big buildings towards the sky.","true","false"
"3VLL1PIENQPNPQYNGZQWLH18S35OZV","3BHRGUFAI8Y95GOPOVSDE43GHC0CS7","Select the better descriptor","Given 2 descriptions of a photo, select the most accurate one.","survey, photo, photography, easy, image, images,,pick,descriptions,simple,select,fast,description,descriptor","$0.02","Thu Apr 01 11:07:53 PDT 2021","5","BatchId:4390905;OriginalHitTemplateId:928390912;","1800","3600","Fri Apr 02 11:07:53 PDT 2021","","","3MYYFCXHJ38MH0RUXQSZAWAK7YHG44","A8MF3Y278EWK2","Approved","Thu Apr 01 11:10:45 PDT 2021","Thu Apr 01 11:10:56 PDT 2021","Thu Apr 01 12:10:56 PDT 2021","Thu Apr 01 12:05:01 PDT 2021","","","11","100% (12/12)","100% (12/12)","100% (12/12)","https://nets213hw.s3.us-east-2.amazonaws.com/photos/pexels-guillaume-meurice-2815028.jpg","It is a view looking up threw sky scrapers.","It is a view of some big buildings towards the sky.","false","true"
"3VLL1PIENQPNPQYNGZQWLH18S35OZV","3BHRGUFAI8Y95GOPOVSDE43GHC0CS7","Select the better descriptor","Given 2 descriptions of a photo, select the most accurate one.","survey, photo, photography, easy, image, images,,pick,descriptions,simple,select,fast,description,descriptor","$0.02","Thu Apr 01 11:07:53 PDT 2021","5","BatchId:4390905;OriginalHitTemplateId:928390912;","1800","3600","Fri Apr 02 11:07:53 PDT 2021","","","3TOK3KHVJTJ7S0QBN73EIH3WPMYO7J","A24DSECWUBZC0Z","Approved","Thu Apr 01 11:09:52 PDT 2021","Thu Apr 01 11:10:12 PDT 2021","Thu Apr 01 12:10:12 PDT 2021","Thu Apr 01 12:05:01 PDT 2021","","","20","100% (5/5)","100% (5/5)","100% (5/5)","https://nets213hw.s3.us-east-2.amazonaws.com/photos/pexels-guillaume-meurice-2815028.jpg","It is a view looking up threw sky scrapers.","It is a view of some big buildings towards the sky.","true","false"
"3VLL1PIENQPNPQYNGZQWLH18S35OZV","3BHRGUFAI8Y95GOPOVSDE43GHC0CS7","Select the better descriptor","Given 2 descriptions of a photo, select the most accurate one.","survey, photo, photography, easy, image, images,,pick,descriptions,simple,select,fast,description,descriptor","$0.02","Thu Apr 01 11:07:53 PDT 2021","5","BatchId:4390905;OriginalHitTemplateId:928390912;","1800","3600","Fri Apr 02 11:07:53 PDT 2021","","","3WYGZ5XF3WGAL7PODI9W6RIJSV1KSI","A2HRUFTA09371Y","Approved","Thu Apr 01 11:09:10 PDT 2021","Thu Apr 01 11:12:28 PDT 2021","Thu Apr 01 12:12:28 PDT 2021","Thu Apr 01 12:05:01 PDT 2021","","","198","100% (15/15)","100% (15/15)","100% (15/15)","https://nets213hw.s3.us-east-2.amazonaws.com/photos/pexels-guillaume-meurice-2815028.jpg","It is a view looking up threw sky scrapers.","It is a view of some big buildings towards the sky.","false","true"
"3P7RGTLO6EE3YR506FI4X7TQZDOKA6","3BHRGUFAI8Y95GOPOVSDE43GHC0CS7","Select the better descriptor","Given 2 descriptions of a photo, select the most accurate one.","survey, photo, photography, easy, image, images,,pick,descriptions,simple,select,fast,description,descriptor","$0.02","Thu Apr 01 11:07:53 PDT 2021","5","BatchId:4390905;OriginalHitTemplateId:928390912;","1800","3600","Fri Apr 02 11:07:53 PDT 2021","","","32RIADZISS5P750LSQMGZATNV9BS40","A2HRUFTA09371Y","Approved","Thu Apr 01 11:08:48 PDT 2021","Thu Apr 01 11:09:35 PDT 2021","Thu Apr 01 12:09:35 PDT 2021","Thu Apr 01 12:04:58 PDT 2021","","","47","100% (15/15)","100% (15/15)","100% (15/15)","https://nets213hw.s3.us-east-2.amazonaws.com/photos/pexels-julia-khalimova-3649190.jpg","There is gondolier paddling his gondola filled with passengers under an arched pedestrian bridge.  People are crossing the bridge enjoying the day.","There is gondolier paddling his gondola filled with passengers under an arched pedestrian bridge.  People are crossing the bridge enjoying the day.","true","false"
"3P7RGTLO6EE3YR506FI4X7TQZDOKA6","3BHRGUFAI8Y95GOPOVSDE43GHC0CS7","Select the better descriptor","Given 2 descriptions of a photo, select the most accurate one.","survey, photo, photography, easy, image, images,,pick,descriptions,simple,select,fast,description,descriptor","$0.02","Thu Apr 01 11:07:53 PDT 2021","5","BatchId:4390905;OriginalHitTemplateId:928390912;","1800","3600","Fri Apr 02 11:07:53 PDT 2021","","","3R6BYFZZP7D712J96HOMPM76ZEMXF1","A8MF3Y278EWK2","Approved","Thu Apr 01 11:09:23 PDT 2021","Thu Apr 01 11:09:38 PDT 2021","Thu Apr 01 12:09:38 PDT 2021","Thu Apr 01 12:04:58 PDT 2021","","","15","100% (12/12)","100% (12/12)","100% (12/12)","https://nets213hw.s3.us-east-2.amazonaws.com/photos/pexels-julia-khalimova-3649190.jpg","There is gondolier paddling his gondola filled with passengers under an arched pedestrian bridge.  People are crossing the bridge enjoying the day.","There is gondolier paddling his gondola filled with passengers under an arched pedestrian bridge.  People are crossing the bridge enjoying the day.","true","false"
"3P7RGTLO6EE3YR506FI4X7TQZDOKA6","3BHRGUFAI8Y95GOPOVSDE43GHC0CS7","Select the better descriptor","Given 2 descriptions of a photo, select the most accurate one.","survey, photo, photography, easy, image, images,,pick,descriptions,simple,select,fast,description,descriptor","$0.02","Thu Apr 01 11:07:53 PDT 2021","5","BatchId:4390905;OriginalHitTemplateId:928390912;","1800","3600","Fri Apr 02 11:07:53 PDT 2021","","","3U8YCDAGXPHWV137HLA9S7O9W9B0Q4","A8TLS2F8LFQ68","Approved","Thu Apr 01 11:10:54 PDT 2021","Thu Apr 01 11:11:09 PDT 2021","Thu Apr 01 12:11:09 PDT 2021","Thu Apr 01 12:04:58 PDT 2021","","","15","100% (7/7)","100% (7/7)","100% (7/7)","https://nets213hw.s3.us-east-2.amazonaws.com/photos/pexels-julia-khalimova-3649190.jpg","There is gondolier paddling his gondola filled with passengers under an arched pedestrian bridge.  People are crossing the bridge enjoying the day.","There is gondolier paddling his gondola filled with passengers under an arched pedestrian bridge.  People are crossing the bridge enjoying the day.","true","false"
"3P7RGTLO6EE3YR506FI4X7TQZDOKA6","3BHRGUFAI8Y95GOPOVSDE43GHC0CS7","Select the better descriptor","Given 2 descriptions of a photo, select the most accurate one.","survey, photo, photography, easy, image, images,,pick,descriptions,simple,select,fast,description,descriptor","$0.02","Thu Apr 01 11:07:53 PDT 2021","5","BatchId:4390905;OriginalHitTemplateId:928390912;","1800","3600","Fri Apr 02 11:07:53 PDT 2021","","","3WSELTNVR335OUTHQR1XMIB9P2LTA1","A13GUTDMGGZZDL","Approved","Thu Apr 01 11:10:29 PDT 2021","Thu Apr 01 11:16:04 PDT 2021","Thu Apr 01 12:16:04 PDT 2021","Thu Apr 01 12:04:59 PDT 2021","","","335","100% (14/14)","100% (14/14)","100% (14/14)","https://nets213hw.s3.us-east-2.amazonaws.com/photos/pexels-julia-khalimova-3649190.jpg","There is gondolier paddling his gondola filled with passengers under an arched pedestrian bridge.  People are crossing the bridge enjoying the day.","There is gondolier paddling his gondola filled with passengers under an arched pedestrian bridge.  People are crossing the bridge enjoying the day.","true","false"
"3P7RGTLO6EE3YR506FI4X7TQZDOKA6","3BHRGUFAI8Y95GOPOVSDE43GHC0CS7","Select the better descriptor","Given 2 descriptions of a photo, select the most accurate one.","survey, photo, photography, easy, image, images,,pick,descriptions,simple,select,fast,description,descriptor","$0.02","Thu Apr 01 11:07:53 PDT 2021","5","BatchId:4390905;OriginalHitTemplateId:928390912;","1800","3600","Fri Apr 02 11:07:53 PDT 2021","","","3Z4XG4ZF48SYMN9MY3IGFUQKCAA8XW","AABIX1L6Q3X0","Approved","Thu Apr 01 11:12:04 PDT 2021","Thu Apr 01 11:12:29 PDT 2021","Thu Apr 01 12:12:29 PDT 2021","Thu Apr 01 12:04:59 PDT 2021","","","25","100% (4/4)","100% (4/4)","100% (4/4)","https://nets213hw.s3.us-east-2.amazonaws.com/photos/pexels-julia-khalimova-3649190.jpg","There is gondolier paddling his gondola filled with passengers under an arched pedestrian bridge.  People are crossing the bridge enjoying the day.","There is gondolier paddling his gondola filled with passengers under an arched pedestrian bridge.  People are crossing the bridge enjoying the day.","true","false"